scenario,runs,token_len,jwt_grants_schema_version,jwt_default_grants_enabled,jwt_denies_schema_version,tls_enabled,throughput_avg,publish_throughput_avg,receive_throughput_avg,connect_p50_avg,connect_p95_avg,connect_p99_avg,publish_p50_avg,publish_p95_avg,publish_p99_avg,publish_qos_0_p50_avg,publish_qos_0_count,publish_qos_1_p50_avg,publish_qos_1_count,publish_qos_2_p50_avg,publish_qos_2_count,token_refresh_p50_avg,token_refresh_count_total,delegation_p50_avg,delegation_count_total,delegation_len_p50_avg,attenuation_p50_avg,attenuation_count_total,attenuation_len_p50_avg,errors_total,cpu_avg,memory_avg,mqtt5_connect_p50,mqtt5_connect_p95,mqtt5_connect_p99,mqtt5_connect_mean,mqtt5_connect_median,mqtt5_connect_min,mqtt5_connect_max,mqtt5_reauth_p50,mqtt5_reauth_p95,mqtt5_reauth_p99,mqtt5_reauth_mean,mqtt5_reauth_median,mqtt5_reauth_min,mqtt5_reauth_max
HTTP-POLICY-COMPLEX-BIS,1,332,,,,False,23.875259178616187,23.875259178616187,0.0,53.510533000007854,102.23067579991039,104.57649478757958,2052.572851500372,2061.0969192985067,4102.940738101497,,0,2052.572851500372,1000,,0,,0,,0,,,0,,0,0.902326,3932160.0,,,,,,,,,,,,,,
HTTP-POLICY-COMPLEX-JWT,1,338,,,,False,23.832203913631812,23.832203913631812,0.0,32.01330850060913,39.91525130131777,40.184299570646544,2054.0963170005853,2067.447258901666,4105.553470899322,,0,2054.0963170005853,1000,,0,,0,,0,,,0,,0,0.804558,5730304.0,,,,,,,,,,,,,,
HTTP-POLICY-MED-BIS,1,332,,,,False,23.840232603293625,23.840232603293625,0.0,60.86085999959323,102.96196295039407,106.87953614884464,2054.0427320011077,2060.193685748709,4108.718224097975,,0,2054.0427320011077,1000,,0,,0,,0,,,0,,0,0.959218,4501504.0,,,,,,,,,,,,,,
HTTP-POLICY-MED-JWT,1,338,,,,False,23.79047879827324,23.79047879827324,0.0,6.452066998463124,13.960406048317962,14.43998474835098,2057.4832814982074,2068.8628018981035,4112.708594048963,,0,2057.4832814982074,1000,,0,,0,,0,,,0,,0,0.914396,4210688.0,,,,,,,,,,,,,,
HTTP-POLICY-SIMPLE-BIS,1,332,,,,False,23.914433955001616,23.914433955001616,0.0,49.551670001164894,101.71389855040616,103.96887577953748,2047.589607502232,2066.027942148503,4097.130818661499,,0,2047.589607502232,1000,,0,,0,,0,,,0,,0,0.804679,3940352.0,,,,,,,,,,,,,,
HTTP-POLICY-SIMPLE-JWT,1,338,,,,False,23.83432569080107,23.83432569080107,0.0,21.35235549940262,32.259584950043056,34.07131776049937,2055.2699834988744,2065.1239856004395,4106.128638021182,,0,2055.2699834988744,1000,,0,,0,,0,,,0,,0,0.865743,4890624.0,,,,,,,,,,,,,,
POLICY-COMPLEX-HIGH,1,2331,,,,False,1379.047395681331,1379.047395681331,0.0,306.9006340010674,560.5815875513144,589.6899615672373,16.382208001232357,171.80470424955246,210.9720895994542,,0,16.382208001232357,1000,,0,,0,,0,,,0,,0,0.45631,6270976.0,,,,,,,,,,,,,,
POLICY-COMPLEX-LOW,1,715,,,,False,6098.441307822046,6098.441307822046,0.0,47.49164450004173,102.3665938495469,106.40086951134435,6.273684999541729,13.845547150049242,20.106383028141863,,0,6.273684999541729,1000,,0,,0,,0,,,0,,0,,0.0,,,,,,,,,,,,,,
POLICY-COMPLEX-MED,1,1474,,,,False,3433.3316703635105,3433.3316703635105,0.0,165.9614149994013,320.108301250184,333.4437059492484,7.179825499406434,14.513139649352484,134.6539682288494,,0,7.179825499406434,1000,,0,,0,,0,,,0,,0,,,,,,,,,,,,,,,,
